пн;Артикул;Штрихкод;Наименование;
1;82239722;3276 000 682 882;САМОРЕЗ ПО ДЕРЕВУ 4.2X90 ЖЕЛТ STANDERS;370
2;82239721;3276 000 682 875;САМОРЕЗ ПО ДЕРЕВУ 4.2X75 ЖЕЛТ STANDERS;370
3;82239720;3276 000 682 868;САМОРЕЗ ПО ДЕРЕВУ 4.2X70 ЖЕЛТ STANDERS;370
4;82239719;3276 000 682 851;САМОРЕЗ ПО ДЕРЕВУ 3.8X65 ЖЕЛТ STANDERS;370
5;82239718;3276 000 682 844;САМОРЕЗ ПО ДЕРЕВУ 3.5X55 ЖЕЛТ STANDERS;370
6;82239717;3276 000 682 837;САМОРЕЗ ПО ДЕРЕВУ 3.5X51 ЖЕЛТ STANDERS;370
7;82239716;3276 000 682 820;САМОРЕЗ ПО ДЕРЕВУ 3.5X45 ЖЕЛТ STANDERS;370
8;82239715;3276 000 682 813;САМОРЕЗ ПО ДЕРЕВУ 3.5X41 ЖЕЛТ STANDERS;370
9;82239714;3276 000 682 806;САМОРЕЗ ПО ДЕРЕВУ 3.5X35 ЖЕЛТ STANDERS;370
10;82239713;3276 000 682 790;САМОРЕЗ ПО ДЕРЕВУ 3.5X30 ЖЕЛТ STANDERS;371
11;82239712; 3276 000 682 783;САМОРЕЗ ПО ДЕРЕВУ 3.5X25 ЖЕЛТ STANDERS;371
12;82239710;3276 000 682 769;САМОРЕЗ ПО ДЕРЕВУ 3.5X16 ЖЕЛТ STANDERS;371
13;82239703;3276 000 682 691;САМОР. ПО ДЕР 3.8X65 120ШТ ЖЕЛТ STANDERS;192
14;82239667;3276 000 682 332;САМОРЕЗ ПО ДЕРЕВУ 5X150 STANDERS;370
15;82239666;3276 000 682 325;САМОРЕЗ ПО ДЕРЕВУ 4.8X120 STANDERS;370
16;82239665;3276 000 682 318;САМОРЕЗ ПО ДЕРЕВУ 4.8X100 STANDERS;370
17;82239664;3276 000 682 301;САМОРЕЗ ПО ДЕРЕВУ 4.2X90 STANDERS;370
18;82239663;3276 000 682 295;САМОРЕЗ ПО ДЕРЕВУ 4.2X75 STANDERS;370
19;82239661;3276 000 682 288;САМОРЕЗ ПО ДЕРЕВУ 4.2X70 STANDERS;370
20;82239660;3276 000 682 271;САМОРЕЗ ПО ДЕРЕВУ 3.8X65 STANDERS;370
21;82239659;3276 000 682 264;САМОРЕЗ ПО ДЕРЕВУ 3.5X55 STANDERS;370
22;82239658;3276 000 682 257;САМОРЕЗ ПО ДЕРЕВУ 3.5X51 STANDERS;370
23;82239657;3276 000 682 240;САМОРЕЗ ПО ДЕРЕВУ 3.5X45 STANDERS;370
24;82239656;3276 000 682 233;САМОРЕЗ ПО ДЕРЕВУ 3.5X41 STANDERS;370
25;82239655;3276 000 682 226;САМОРЕЗ ПО ДЕРЕВУ 3.5X35 STANDERS;370
26;82239654;3276 000 682 219;САМОРЕЗ ПО ДЕРЕВУ 3.5X30 STANDERS;370
27;82239653;3276 000 682 202;САМОРЕЗ ПО ДЕРЕВУ 3.5X25 STANDERS;370
28;82239652;3276 000 682 196;САМОРЕЗ ПО ДЕРЕВУ 3.5X20 STANDERS;370
29;82239651;3276 000 682 189;САМОРЕЗ ПО ДЕРЕВУ 3.5X16 STANDERS;370
30;82239138;3276 000 677 956;САМОРЕЗ ПО ГСК 3.5X20 ЧЕРН STANDERS;371
31;82239124;3276 000 677 826;САМОРЕЗ ПО ГСК 3.5X35 БЕЛ STANDERS;371
32;82239123;3276 000 677 819;САМОРЕЗ ПО ГСК 3.5X25 БЕЛ STANDERS;371
33;82239111;3276 000 677 529;САМОРЕЗ ПО ГСК 3.5X55 ЧЕРН STANDERS;377
34;82239109;3276 000 677 505;САМОРЕЗ ПО ГСК 3.5X45 ЧЕРН STANDERS;318
35;82239108;3276 000 677 482;САМОРЕЗ ПО ГСК 3.5X35 ЧЕРН STANDERS;370
36;82239105;3276 000 677 444;САМОРЕЗ ПО ГСК 3.5X25 ЧЕРН STANDERS;371
37;82239621;3276 000 681 113;УНИВЕРС. САМОРЕЗ 6X140 STANDERS;474
38;82239620;3276 000 681 106;УНИВЕРСАЛЬНЫЙ САМОРЕЗ 6X120 STANDERS;474
39;82239619;3276 000 681 090;УНИВЕРСАЛЬНЫЙ САМОРЕЗ 6X100 STANDERS;488
40;82239617;3276 000 681 076;УНИВЕРС. САМОРЕЗ 6X80 STANDERS;476
41;82239616;3276 000 681 069;УНИВЕРСАЛЬНЫЙ САМОРЕЗ 6X70 STANDERS;437
42;82239615;3276 000 681 052;УНИВЕРСАЛЬНЫЙ САМОРЕЗ 6X60 STANDERS;478
43;82239614;3276 000 681 045;УНИВЕРСАЛЬНЫЙ САМОРЕЗ 6X50 STANDERS;477
44;82239611;3276 000 681 014;УНИВЕРСАЛЬНЫЙ САМОРЕЗ 5X100 STANDERS;437
45;82239609;3276 000 680 994;УНИВЕРСАЛЬНЫЙ САМОРЕЗ 5X80 STANDERS;477
46;82239608;3276 000 680 987;УНИВЕРСАЛЬНЫЙ САМОРЕЗ 5X70 STANDERS;481
47;82239607;3276 000 680 970;УНИВЕРСАЛЬНЫЙ САМОРЕЗ 5X60 STANDERS;437
48;82239606;3276 000 680 963;УНИВЕРСАЛЬНЫЙ САМОРЕЗ 5X50 STANDERS;437
49;82239605;3276 000 680 956;УНИВЕРСАЛЬНЫЙ САМОРЕЗ 5X40 STANDERS;477
50;82239596;3276 000 680 864;УНИВЕРСАЛЬНЫЙ САМОРЕЗ 4X60 STANDERS;476
51;82239595;3276 000 680 857;УНИВЕРСАЛЬНЫЙ САМОРЕЗ 4X50 STANDERS;477
52;82239594;3276 000 680 840;УНИВЕРСАЛЬНЫЙ САМОРЕЗ 4X45 STANDERS;477
53;82239593;3276 000 680 833;УНИВЕРСАЛЬНЫЙ САМОРЕЗ 4X40 STANDERS;477
54;82239592;3276 000 680 826;УНИВЕРСАЛЬНЫЙ САМОРЕЗ 4X35 STANDERS;477
55;82239590;3276 000 680 802;УНИВЕРСАЛЬНЫЙ САМОРЕЗ 4X25 STANDERS;477
56;82239589;3276 000 680 796;УНИВЕРСАЛЬНЫЙ САМОРЕЗ 4X20 STANDERS;477
57;82239588;3276 000 680 789;УНИВЕРСАЛЬНЫЙ САМОРЕЗ 4X16 STANDERS;477
58;82182204;3276 000 669 364;САМОРЕЗ ДТП ОСТР 4,2X16 КРАСН STANDERS;496
59;82182176;3276 000 669 227;САМОР. ДЛЯ ПРОФ ОСТР ОЦ 3,5X11 STANDERS;497
60;82182175;3276 000 669 166;САМОРЕЗ Д/ПРОФ ОСТР ОЦ 3,5X9,5 STANDERS;488
61;82182169;3276 000 669 043;САМОРЕЗ ДЛЯ ПРОФ ОСТР 3,5X9,5 STANDERS;488
62;82182163;3276 000 668 947;САМОРЕЗ ДЛЯ ПРОФ БУР 3,5X9,5 STANDERS;497
63;82182158;3276 000 668 824;САМОР ДТП БУР 4,2X16 КРАСН STANDERS;495
64;82182157;3276 000 668 763;САМОРЕЗ ДТП БУР 4,2X16 ЗЕЛЕН STANDERS;495
65;82182150;3276 000 668 916;САМОРЕЗ ДТП БУР 4.2X25 STANDERS;403
66;82182149;3276 000 668 923;САМОРЕЗ ДТП БУР 4.2X19 STANDERS;401
67;82182148;3276 000 668 909;САМОРЕЗ ДТП БУР 4.2X16 STANDERS;401
68;82182147;3276 000 668 817;САМОРЕЗ ДТП БУР 4.2X13 STANDERS;403
69;82182128;3276 000 668 718;САМОРЕЗ ДТП ОСТР 4.2X25 STANDERS;402
70;82182127;3276 000 668 725;САМОРЕЗ ДТП ОСТР 4.2X19 STANDERS;408
71;82182125;3276 000 668 633;САМОРЕЗ ДТП ОСТР 4.2X13 STANDERS;403
72;82623393;4620 070 176 205;САМОРЕЗ МЕТ-МЕТАЛЛ 4,2Х16 Т.КОР.НА ВЕС;462
73;82623392;4620 070 176 182;САМОРЕЗ МЕТАЛЛ-МЕТАЛЛ 4,2Х16 БЕЛ.НА ВЕС;462
74;82623377;4620 070 176 250;САМОРЕЗ МЕТ-МЕТ СВ. 4,2Х16 Т.КОР.НА ВЕС;487
75;82623376;4620 070 176 236;САМОРЕЗ МЕТ-МЕТ СВ. 4,2Х16 БЕЛ.НА ВЕС;487
76;82182021;3276 000 667 681;КРОВЕЛЬНЫЙ САМОРЕЗ 4,8X65 БЕЛ STANDERS;528
77;82182020;3276 000 667 674;КРОВЕЛЬНЫЙ САМОРЕЗ 4,8X51 БЕЛ STANDERS;524
78;82182019;3276 000 667 629;КРОВЕЛЬНЫЙ САМОРЕЗ 4,8X35 БЕЛ STANDERS;524
79;82182018;3276 000 667 612;КРОВЕЛЬНЫЙ САМОРЕЗ 4,8X29 БЕЛ STANDERS;528
80;82182013;3276 000 667 544;КРОВЕЛЬНЫЙ САМОРЕЗ 6.3X70 ЦИНК STANDERS;478
81;82182012;3276 000 667 506;КРОВЕЛЬНЫЙ САМОРЕЗ 6.3X51 ЦИНК STANDERS;528
82;82182011;3276 000 667 490;КРОВ. САМОРЕЗ 6.3X38 ЦИНК STANDERS;528
83;82182009;3276 000 667 476;КРОВЕЛЬНЫЙ САМОРЕЗ 6.3X25 ЦИНК STANDERS;523
84;82182008;3276 000 667 438;КРОВЕЛЬНЫЙ САМОРЕЗ 6.3X19 ЦИНК STANDERS;478
85;82182007;3276 000 667 742;КРОВЕЛЬНЫЙ САМОРЕЗ 5.5X75 ЦИНК STANDERS;478
86;82182006;3276 000 667 735;КРОВЕЛЬНЫЙ САМОРЕЗ 5.5X51 ЦИНК STANDERS;478
87;82182005;3276 000 667 650;КРОВЕЛЬНЫЙ САМОРЕЗ 5.5X38 ЦИНК STANDERS;523
88;82182003;3276 000 667 599;КРОВЕЛЬНЫЙ САМОРЕЗ 5.5X25 ЦИНК STANDERS;478
89;82182002;3276 000 667 582;КРОВЕЛЬНЫЙ САМОРЕЗ 5.5X19 ЦИНК STANDERS;525
90;82181992;3276 000 667 360;КРОВЕЛЬНЫЙ САМОРЕЗ 4,8X65 ЦИНК STANDERS;478
91;82181991;3276 000 667 353;КРОВЕЛЬНЫЙ САМОРЕЗ 4,8X51 ЦИНК STANDERS;523
92;82181990;3276 000 667 346;КРОВЕЛЬНЫЙ САМОРЕЗ 4,8X35 ЦИНК STANDERS;525
93;82181989;3276 000 667 285;КРОВЕЛЬНЫЙ САМОРЕЗ 4,8X29 ЦИНК STANDERS;525
94;82182203;3276 000 669 326;САМОРЕЗ ДТП ОСТР 4,2X16 ЗЕЛЕН STANDERS;496
95;82182170;3276 000 669 050;САМОР ДЛЯ ПРОФ ОСТР 3,5X11 STANDERS;497
96;82182164;3276 000 668 954;САМОР ДЛЯ ПРОФ БУР 3,5X11 STANDERS;495
97;82182104;3276 000 668 428;КРОВ. САМОРЕЗ 5.5X38 СИН STANDERS;524
98;82182103;3276 000 668 435;КРОВ. САМОРЕЗ 5.5X32 СИН STANDERS;528
99;82182102;3276 000 668 411;КРОВ. САМОРЕЗ 5.5X25 СИН STANDERS;528
100;82182101;3276 000 668 374;КРОВЕЛЬНЫЙ САМОРЕЗ 5.5X19 СИН STANDERS;525
101;82182096;3276 000 668 299;КРОВЕЛЬНЫЙ САМОРЕЗ 4,8X51 СИН STANDERS;524
102;82182095;3276 000 668 404;КРОВ. САМОРЕЗ 4,8X35 СИН STANDERS;524
103;82182094;3276 000 668 381;КРОВЕЛЬНЫЙ САМОРЕЗ 4,8X29 СИН STANDERS;528
104;82182088;3276 000 668 275;КРОВ. САМОРЕЗ 5.5X51 ЗЕЛ STANDERS;478
105;82182086;3276 000 668 251;КРОВЕЛЬНЫЙ САМОРЕЗ 5.5X32 ЗЕЛ STANDERS;528
106;82182085;3276 000 668 244;КРОВЕЛЬНЫЙ САМОРЕЗ 5.5X25 ЗЕЛ STANDERS;524
107;82182084;3276 000 668 190;КРОВЕЛЬНЫЙ САМОРЕЗ 5.5X19 ЗЕЛ STANDERS;525
108;82182079;3276 000 668 091;КРОВЕЛЬНЫЙ САМОРЕЗ 4,8X51 ЗЕЛ STANDERS;524
109;82182077;3276 000 668 060;КРОВЕЛЬНЫЙ САМОРЕЗ 4,8X29 ЗЕЛ STANDERS;478
110;82182072;3276 000 668 206;КРОВЕЛЬНЫЙ САМОРЕЗ 5.5X75 КОРИЧ STANDERS;524
111;82182071;3276 000 668 145;КРОВ. САМОРЕЗ 5.5X51 КОРИЧ STANDERS;528
112;82182070;3276 000 668 138;КРОВЕЛЬНЫЙ САМОРЕЗ 5.5X38 КОРИЧ STANDERS;524
113;82182069;3276 000 668 121;КРОВЕЛЬНЫЙ САМОРЕЗ 5.5X32 КОРИЧ STANDERS;478
114;82182068;3276 000 668 084;КРОВЕЛЬНЫЙ САМОРЕЗ 5.5X25 КОРИЧ STANDERS;524
115;82182067;3276 000 668 053;КРОВ. САМОРЕЗ 5.5X19 КОРИЧ STANDERS;525
116;82182063;3276 000 667 957;КРОВЕЛЬНЫЙ САМОРЕЗ 4,8X65 КОРИЧ STANDERS;478
117;82182062;3276 000 667 940;КРОВЕЛЬНЫЙ САМОРЕЗ 4,8X51 КОРИЧ STANDERS;478
118;82182061;3276 000 667 933;КРОВЕЛЬНЫЙ САМОРЕЗ 4,8X35 КОРИЧ STANDERS;524
119;82182060;3276 000 667 926;КРОВЕЛЬНЫЙ САМОРЕЗ 4,8X29 КОРИЧ STANDERS;528
120;82182054;3276 000 668 114;КРОВЕЛЬНЫЙ САМОРЕЗ 5.5X51 КРАСН STANDERS;528
121;82182052;3276 000 668 039;КРОВЕЛЬНЫЙ САМОРЕЗ 5.5X32 КРАСН STANDERS;528
122;82182051;3276 000 667 988;КРОВЕЛЬНЫЙ САМОРЕЗ 5.5X25 КРАСН STANDERS;524
123;82182050;3276 000 667 971;КРОВЕЛЬНЫЙ САМОРЕЗ 5.5X19 КРАСН STANDERS;525
124;82182046;3276 000 667 889;КРОВЕЛЬНЫЙ САМОРЕЗ 4,8X65 КРАСН STANDERS;528
125;82182045;3276 000 667 902;КРОВЕЛЬНЫЙ САМОРЕЗ 4,8X51 КРАСН STANDERS;524
126;82182044;3276 000 667 841;КРОВЕЛЬНЫЙ САМОРЕЗ 4,8X35 КРАСН STANDERS;478
127;82182042;3276 000 667 834;КРОВЕЛЬНЫЙ САМОРЕЗ 4,8X29 КРАСН STANDERS;478
128;82182029;3276 000 667 643;КРОВЕЛЬНЫЙ САМОРЕЗ 5.5X51 БЕЛ STANDERS;528
129;82182028;3276 000 667 636;КРОВЕЛЬНЫЙ САМОРЕЗ 5.5X38 БЕЛ STANDERS;524
130;82182026;3276 000 667 810;КРОВЕЛЬНЫЙ САМОРЕЗ 5.5X25 БЕЛ STANDERS;524
131;82182025;3276 000 667 773;КРОВЕЛЬНЫЙ САМОРЕЗ 5.5X19 БЕЛ STANDERS;525
132;82182024;3276 000 667 759;КРОВ. САМОРЕЗ 5,5X32 80 ШТ БЕЛ STANDERS;363
133;82231922;3276 000 681 823;САМОР ДЛЯ СЭНД.ПАН. 6.3X240 STANDERS;523
134;82231921;3276 000 681 816;САМОР ДЛЯ СЭНД.ПАН. 6.3X185 STANDERS;523
135;82231920;3276 000 681 809;САМОР ДЛЯ СЭНД.ПАН. 6.3X160 STANDERS;523
136;82231919;3276 000 681 793;САМОР ДЛЯ СЭНД.ПАН. 6.3X130 STANDERS;523
137;82240618;3276 000 678 878;САНТЕХНИЧЕСКИЙ БОЛТ 12X300 STANDERS;242
138;82240617;3276 000 678 861;САНТЕХНИЧЕСКИЙ БОЛТ 12X250 STANDERS;242
139;82240613;3276 000 678 823;САНТЕХНИЧЕСКИЙ БОЛТ 10X220 STANDERS;242
140;82240612;3276 000 678 816;САНТЕХНИЧЕСКИЙ БОЛТ 10X180 STANDERS;242
141;82240611;3276 000 678 809;САНТЕХНИЧЕСКИЙ БОЛТ 10X150 STANDERS;242
142;82240610;3276 000 678 793;САНТЕХНИЧЕСКИЙ БОЛТ 10X120 STANDERS;245
143;82240609;3276 000 678 786;САНТЕХНИЧЕСКИЙ БОЛТ 10X100 STANDERS;242
144;82240608;3276 000 678 779;САНТЕХНИЧЕСКИЙ БОЛТ 10X80 STANDERS;242
145;82240607;3276 000 678 762;САНТЕХНИЧЕСКИЙ БОЛТ 8X180 STANDERS;242
146;82240606;3276 000 678 755;САНТЕХНИЧЕСКИЙ БОЛТ 8X150 STANDERS;242
147;82240605;3276 000 678 748;САНТЕХНИЧЕСКИЙ БОЛТ 8X120 STANDERS;242
148;82240604;3276 000 678 731;САНТЕХНИЧЕСКИЙ БОЛТ 8X100 STANDERS;242
149;82240603;3276 000 678 724;САНТЕХНИЧЕСКИЙ БОЛТ 8X80 STANDERS;242
150;82240602;3276 000 678 717;САНТЕХНИЧЕСКИЙ БОЛТ 8X70 STANDERS;242
151;82240601;3276 000 678 700;САНТЕХНИЧЕСКИЙ БОЛТ 8X60 STANDERS;242
152;82240600;3276 000 678 694;САНТЕХНИЧЕСКИЙ БОЛТ 8X50 STANDERS;242
153;82240599;3276 000 678 687;САНТЕХНИЧЕСКИЙ БОЛТ 6X180 STANDERS;242
154;82240598;3276 000 678 670;САНТЕХНИЧЕСКИЙ БОЛТ 6X150 STANDERS;242
155;82240597;3276 000 678 663;САНТЕХНИЧЕСКИЙ БОЛТ 6X120 STANDERS;242
156;82240596;3276 000 678 656;САНТЕХНИЧЕСКИЙ БОЛТ 6X100 STANDERS;242
157;82240595;3276 000 678 649;САНТЕХНИЧЕСКИЙ БОЛТ 6X80 STANDERS;242
158;82240594;3276 000 678 632;САНТЕХНИЧЕСКИЙ БОЛТ 6X70 STANDERS;242
159;82240593;3276 000 678 625;САНТЕХНИЧЕСКИЙ БОЛТ 6X60 STANDERS;242
160;82240592;3276 000 678 618;САНТЕХНИЧЕСКИЙ БОЛТ 6Х50 STANDERS;242
161;13627419;4606 082 009 540;БОЛТ ОЦИНК. DIN 933 М10Х120;616
162;13625480;4606 082 009 465;БОЛТ ОЦИНК. DIN 933 М 8Х120;616
163;13625421;4606 082 009 434;БОЛТ ОЦИНК. DIN 933 М 8Х 25;616
164;13625106;4606 082 009 410;БОЛТ ОЦИНК. DIN 933 М 6Х100;616
165;13625085;4606 082 009 397;БОЛТ ОЦИНК. DIN 933 М 6Х 80;616
166;13625034;4606 082 016 098;БОЛТ ОЦИНК. DIN 933 М 6Х 16;616
167;13553042;4606 082 009 656;БОЛТ ОЦИНК. DIN 933 М12Х120;616
168;13553026;4606 082 009 649;БОЛТ ОЦИНК. DIN 933 М12Х100;616
169;13553018;4606 082 009 625;БОЛТ ОЦИНК. DIN 933 М12Х 80;616
170;13552998;4606 082 009 618;БОЛТ ОЦИНК. DIN 933 М12Х 70;616
171;13552971;4606 082 009 601;БОЛТ ОЦИНК. DIN 933 М12Х 60;616
172;13552963;4606 082 009 588;БОЛТ ОЦИНК. DIN 933 М12Х 50;616
173;13552939;4606 082 009 533;БОЛТ ОЦИНК. DIN 933 М10Х100;616
174;13552920;4606 082 009 526;БОЛТ ОЦИНК. DIN 933 М10Х 90;616
175;13552912;4606 082 009 519;БОЛТ ОЦИНК. DIN 933 М10Х 80;616
176;13552904;4606 082 009 502;БОЛТ ОЦИНК. DIN 933 М10Х 70;616
177;13552891;4606 082 009 496;БОЛТ ОЦИНК. DIN 933 М10Х 60;616
178;13552867;4606 082 009 458;БОЛТ ОЦИНК. DIN 933 М 8Х100;616
179;10134264;4606 082 000 486;БОЛТ МЕБЕЛЬН.С УСОМ ОЦ.DIN 607 М 10Х 90;447
180;10134176;4606 082 000 462;БОЛТ МЕБЕЛЬН.С УСОМ ОЦ.DIN 607 М 10Х 70;447
181;10134125;4606 082 000 455;БОЛТ МЕБЕЛЬН.С УСОМ ОЦ.DIN 607 М 8Х100;447
182;10134096;4606 082 000 448;БОЛТ МЕБЕЛЬН.С УСОМ ОЦ.DIN 607 М 8Х 90;447
183;10134045;4606 082 000 431;БОЛТ МЕБЕЛЬН.С УСОМ ОЦ.DIN 607 М 8Х 80;447
184;10134010;4606 082 000 424;БОЛТ МЕБЕЛЬН.С УСОМ ОЦ.DIN 607 М 8Х 70;447
185;10133966;4606 082 000 417;БОЛТ МЕБЕЛЬН.С УСОМ ОЦ.DIN 607 М 8Х 60;447
186;10133923;4606 082 000 394;БОЛТ МЕБЕЛЬН.С УСОМ ОЦ.DIN 607 М 6Х 60;447
187;10133819;4606 082 000 387;БОЛТ МЕБЕЛЬН.С УСОМ ОЦ.DIN 607 М 6Х 50;447
188;10133755;4606 082 000 370;БОЛТ МЕБЕЛЬН.С УСОМ ОЦ.DIN 607 М 6Х 40;447
189;10133720;4606 082 000 363;БОЛТ МЕБЕЛЬН.С УСОМ ОЦ.DIN 607 М 6Х 30;447
190;10133659;4606 082 000 356;БОЛТ МЕБЕЛЬН.С УСОМ ОЦ.DIN 607 М 6Х 25;447
191;10133261;4606 082 000 349;БОЛТ ОЦИНК. DIN 933 М12Х 40;616
192;10133202;4606 082 000 325;БОЛТ ОЦИНК. DIN 933 М12Х 30;616
193;10132859;4606 082 000 295;БОЛТ ОЦИНК. DIN 933 М10Х 50;616
194;10132808;4606 082 000 271;БОЛТ ОЦИНК. DIN 933 М10Х 40;616
195;10132752;4606 082 000 257;БОЛТ ОЦИНК. DIN 933 М10Х 30;616
196;10132517;4606 082 000 202;БОЛТ ОЦИНК. DIN 933 М 8Х 80;616
197;10132488;4606 082 000 196;БОЛТ ОЦИНК. DIN 933 М 8Х 70;616
198;10132445;4606 082 000 189;БОЛТ ОЦИНК. DIN 933 М 8Х 60;616
199;10132429;4606 082 000 172;БОЛТ ОЦИНК. DIN 933 М 8Х 50;616
200;10132381;4606 082 000 165;БОЛТ ОЦИНК. DIN 933 М 8Х 40;616
201;10132314;4606 082 000 141;БОЛТ ОЦИНК. DIN 933 М 8Х 30;616
202;10132269;4606 082 000 127;БОЛТ ОЦИНК. DIN 933 М 8Х 20;616
203;10132146;4606 082 000 080;БОЛТ ОЦИНК. DIN 933 М 6Х 70;616
204;10132090;4606 082 000 073;БОЛТ ОЦИНК. DIN 933 М 6Х 60;616
205;10132074;4606 082 000 066;БОЛТ ОЦИНК. DIN 933 М 6Х 50;616
206;10132058;4606 082 000 059;БОЛТ ОЦИНК. DIN 933 М 6Х 40;616
207;10131995;4606 082 000 035;БОЛТ ОЦИНК. DIN 933 М 6Х 30;616
208;10131901;4606 082 000 011;БОЛТ ОЦИНК. DIN 933 М 6Х 20;616
209;10136614;4606 082 001 018;ВИНТ ОЦИНК.ПОТ. DIN 965 М 5Х40;540
211;10136593;4606 082 001 001;ВИНТ ОЦИНК.ПОТ. DIN 965 М 5Х30;540
212;10136497;4606 082 000 974;ВИНТ ОЦИНК.ПОТ. DIN 965 М 5Х16;540
213;10136454;4606 082 000 967;ВИНТ ОЦИНК.ПОТ. DIN 965 М 5Х12;540
214;10136382;4606 082 000 936;ВИНТ ОЦИНК.ПОТ. DIN 965 М 4Х40;540
216;10136358;4606 082 000 929;ВИНТ ОЦИНК.ПОТ. DIN 965 М 4Х30;540
217;10136315;4606 082 000 912;ВИНТ ОЦИНК.ПОТ. DIN 965 М 4Х25;540
218;10136278;4606 082 000 905;ВИНТ ОЦИНК.ПОТ. DIN 965 М 4Х20;540
219;10136171;4606 082 000 875;ВИНТ ОЦИНК.ПОТ. DIN 965 М 4Х10;540
220;10135697;4606 082 000 776;ВИНТ ОЦИНК.ПКР. DIN 7985 М 6Х20;488
221;10135611;4606 082 000 769;ВИНТ ОЦИНК.ПКР. DIN 7985 М 6Х16;488
222;10135558;4606 082 000 752;ВИНТ ОЦИНК.ПКР. DIN 7985 М 6Х12;488
223;10135486;4606 082 000 721;ВИНТ ОЦИНК.ПКР. DIN 7985 М 5Х30;488
224;10135339;4606 082 000 691;ВИНТ ОЦИНК.ПКР. DIN 7985 М 5Х16;488
225;10135013;4606 082 000 653;ВИНТ ОЦИНК.ПКР. DIN 7985 М 4Х40;488
226;10134993;4606 082 000 646;ВИНТ ОЦИНК.ПКР. DIN 7985 М 4Х30;488
227;10134942;4606 082 000 639;ВИНТ ОЦИНК.ПКР. DIN 7985 М 4Х25;488
228;10134926;4606 082 000 622;ВИНТ ОЦИНК.ПКР. DIN 7985 М 4Х20;488
229;10134889;4606 082 000 615;ВИНТ ОЦИНК.ПКР. DIN 7985 М 4Х16;488
230;10134811;4606 082 000 608;ВИНТ ОЦИНК.ПКР. DIN 7985 М 4Х12;488
231;10134790;4606 082 000 592;ВИНТ ОЦИНК.ПКР. DIN 7985 М 4Х10;488
232;10120559;4607 056 646 679;ВИНТ НЕРЖ.ПОТ. DIN 965 М6X20 (6 ШТ);48
233;10136921;4606 082 001 100;ВИНТ ОЦИНК.ПОТ. DIN 965 М 6Х30;540
234;10136905;4606 082 001 094;ВИНТ ОЦИНК.ПОТ. DIN 965 М 6Х20;540
235;10136649;4606 082 001 025;ВИНТ ОЦИНК.ПОТ. DIN 965 М 5Х50;540
236;13978008;4606 082 016 135;ГАЙКА ОЦИНК. DIN 934 М24;371
237;13977961;4606 082 016 128;ГАЙКА ОЦИНК. DIN 934 М18;371
238;13977953;4606 082 016 111;ГАЙКА ОЦИНК. DIN 934 М14;371
239;13628032;4606 082 001 278;ГАЙКА ОЦИНК. САМОКОНТР.DIN 985 М 5;585
240;13628024;4606 082 010 966;ГАЙКА ОЦИНК. DIN 934 М20;371
241;13628016;4606 082 010 959;ГАЙКА ОЦИНК. DIN 934 М16;371
242;12529606;4606 082 044 565;ГАЙКА ОЦИНК. DIN 934 М 4;392
243;10137748;4606 082 001 315;ГАЙКА ОЦИНК. САМОКОНТР.DIN 985 М12;547
244;10137684;4606 082 001 308;ГАЙКА ОЦИНК. САМОКОНТР.DIN 985 М10;547
245;10137633;4606 082 001 292;ГАЙКА ОЦИНК. САМОКОНТР.DIN 985 М 8;547
246;10137588;4606 082 001 285;ГАЙКА ОЦИНК. САМОКОНТР.DIN 985 М 6;585
247;10137289;4606 082 001 193;ГАЙКА ОЦИНК. DIN 934 М12;371
248;10137262;4606 082 001 186;ГАЙКА ОЦИНК. DIN 934 М10;371
249;10137203;4606 082 001 179;ГАЙКА ОЦИНК. DIN 934 М 8;371
250;10137182;4606 082 001 162;ГАЙКА ОЦИНК. DIN 934 М 6;371
251;10137123;4606 082 001 155;ГАЙКА ОЦИНК. DIN 934 М 5;392
252;13978219;4606 082 016 166;ШАЙБА ОЦИНК.КУЗОВНАЯ DIN 9021 24 ММ;486
253;13978200;4606 082 039 523;ШАЙБА ОЦИНК.КУЗОВНАЯ DIN 9021 22 ММ;486
254;13978198;4606 082 016 159;ШАЙБА ОЦИНК.КУЗОВНАЯ DIN 9021 18 ММ;486
255;13978091;4606 082 016 142;ШАЙБА ОЦИНК.КУЗОВНАЯ DIN 9021 14 ММ;486
256;13978016;4606 082 016 173;ШАЙБА ОЦИНК.DIN 125A 14 ММ;486
257;13628083;4606 082 011 055;ШАЙБА ОЦИНК.КУЗОВНАЯ DIN 9021 16 ММ;486
258;13628075;4606 082 011 048;ШАЙБА ОЦИНК.DIN 125A 20 ММ;486
259;13628067;4606 082 011 031;ШАЙБА ОЦИНК.DIN 125A 16 ММ;486
260;10139284;4606 082 001 759;ШАЙБА ОЦИНК.КУЗОВНАЯ DIN 9021 12 ММ;486
261;10139233;4606 082 001 742;ШАЙБА ОЦИНК.КУЗОВНАЯ DIN 9021 10 ММ;486
262;10139217;4606 082 001 735;ШАЙБА ОЦИНК.КУЗОВНАЯ DIN 9021 8 ММ;486
263;10139161;4606 082 001 728;ШАЙБА ОЦИНК.КУЗОВНАЯ DIN 9021 6 ММ;486
264;10139145;4606 082 001 711;ШАЙБА ОЦИНК.КУЗОВНАЯ DIN 9021 5 ММ;508
265;10138839;4606 082 001 629;ШАЙБА ОЦИНК.DIN 125A 12 ММ;486
266;10138804;4606 082 001 612;ШАЙБА ОЦИНК.DIN 125A 10 ММ;486
267;10138783;4606 082 001 605;ШАЙБА ОЦИНК.DIN 125A 8 ММ;486
268;10138732;4606 082 001 599;ШАЙБА ОЦИНК.DIN 125A 6 ММ;508
269;10138716;4606 082 001 582;ШАЙБА ОЦИНК.DIN 125A 5 ММ;508
