ОМ;юПРХЙСК;ьРПХУЙНД;мЮХЛЕМНБЮМХЕ;
1;82239722;3276000682882;яюлнпег он депебс 4.2X90 фекр STANDERS;308
2;82239721;3276000682875;яюлнпег он депебс 4.2X75 фекр STANDERS;308
3;82239720;3276000682868;яюлнпег он депебс 4.2X70 фекр STANDERS;308
4;82239719;3276000682851;яюлнпег он депебс 3.8X65 фекр STANDERS;308
5;82239718;3276000682844;яюлнпег он депебс 3.5X55 фекр STANDERS;308
6;82239717;3276000682837;яюлнпег он депебс 3.5X51 фекр STANDERS;308
7;82239716;3276000682820;яюлнпег он депебс 3.5X45 фекр STANDERS;308
8;82239715;3276000682813;яюлнпег он депебс 3.5X41 фекр STANDERS;308
9;82239714;3276000682806;яюлнпег он депебс 3.5X35 фекр STANDERS;308
10;82239713;3276000682790;яюлнпег он депебс 3.5X30 фекр STANDERS;308
11;82239712;3276000682783;яюлнпег он депебс 3.5X25 фекр STANDERS;308
12;82239710;3276000682769;яюлнпег он депебс 3.5X16 фекр STANDERS;308
13;82239703;3276000682691;яюлнп. он деп 3.8X65 120ьр фекр STANDERS;175
14;82239667;3276000682332;яюлнпег он депебс 5X150 STANDERS;275
15;82239666;3276000682325;яюлнпег он депебс 4.8X120 STANDERS;275
16;82239665;3276000682318;яюлнпег он депебс 4.8X100 STANDERS;275
17;82239664;3276000682301;яюлнпег он депебс 4.2X90 STANDERS;275
18;82239663;3276000682295;яюлнпег он депебс 4.2X75 STANDERS;275
19;82239661;3276000682288;яюлнпег он депебс 4.2X70 STANDERS;275
20;82239660;3276000682271;яюлнпег он депебс 3.8X65 STANDERS;275
21;82239659;3276000682264;яюлнпег он депебс 3.5X55 STANDERS;275
22;82239658;3276000682257;яюлнпег он депебс 3.5X51 STANDERS;275
23;82239657;3276000682240;яюлнпег он депебс 3.5X45 STANDERS;275
24;82239656;3276000682233;яюлнпег он депебс 3.5X41 STANDERS;275
25;82239655;3276000682226;яюлнпег он депебс 3.5X35 STANDERS;275
26;82239654;3276000682219;яюлнпег он депебс 3.5X30 STANDERS;275
27;82239653;3276000682202;яюлнпег он депебс 3.5X25 STANDERS;275
28;82239652;3276000682196;яюлнпег он депебс 3.5X20 STANDERS;275
29;82239651;3276000682189;яюлнпег он депебс 3.5X16 STANDERS;275
30;82239138;3276000677956;яюлнпег он цяй 3.5X20 вепм STANDERS;297
31;82239124;3276000677826;яюлнпег он цяй 3.5X35 аек STANDERS;318
32;82239123;3276000677819;яюлнпег он цяй 3.5X25 аек STANDERS;318
33;82239111;3276000677529;яюлнпег он цяй 3.5X55 вепм STANDERS;297
34;82239109;3276000677505;яюлнпег он цяй 3.5X45 вепм STANDERS;297
35;82239108;3276000677482;яюлнпег он цяй 3.5X35 вепм STANDERS;297
36;82239105;3276000677444;яюлнпег он цяй 3.5X25 вепм STANDERS;297
37;82239621;3276000681113;смхбепя. яюлнпег 6X140 STANDERS;404
38;82239620;3276000681106;смхбепяюкэмши яюлнпег 6X120 STANDERS;404
39;82239619;3276000681090;смхбепяюкэмши яюлнпег 6X100 STANDERS;404
40;82239617;3276000681076;смхбепя. яюлнпег 6X80 STANDERS;404
41;82239616;3276000681069;смхбепяюкэмши яюлнпег 6X70 STANDERS;404
42;82239615;3276000681052;смхбепяюкэмши яюлнпег 6X60 STANDERS;404
43;82239614;3276000681045;смхбепяюкэмши яюлнпег 6X50 STANDERS;404
44;82239611;3276000681014;смхбепяюкэмши яюлнпег 5X100 STANDERS;404
45;82239609;3276000680994;смхбепяюкэмши яюлнпег 5X80 STANDERS;404
46;82239608;3276000680987;смхбепяюкэмши яюлнпег 5X70 STANDERS;404
47;82239607;3276000680970;смхбепяюкэмши яюлнпег 5X60 STANDERS;404
48;82239606;3276000680963;смхбепяюкэмши яюлнпег 5X50 STANDERS;404
49;82239605;3276000680956;смхбепяюкэмши яюлнпег 5X40 STANDERS;404
50;82239596;3276000680864;смхбепяюкэмши яюлнпег 4X60 STANDERS;404
51;82239595;3276000680857;смхбепяюкэмши яюлнпег 4X50 STANDERS;404
52;82239594;3276000680840;смхбепяюкэмши яюлнпег 4X45 STANDERS;404
53;82239593;3276000680833;смхбепяюкэмши яюлнпег 4X40 STANDERS;404
54;82239592;3276000680826;смхбепяюкэмши яюлнпег 4X35 STANDERS;404
55;82239590;3276000680802;смхбепяюкэмши яюлнпег 4X25 STANDERS;404
56;82239589;3276000680796;смхбепяюкэмши яюлнпег 4X20 STANDERS;404
57;82239588;3276000680789;смхбепяюкэмши яюлнпег 4X16 STANDERS;404
58;82182204;3276000669364;яюлнпег дро нярп 4,2X16 йпюям STANDERS;451
59;82182176;3276000669227;яюлнп. дкъ опнт нярп нж 3,5X11 STANDERS;452
60;82182175;3276000669166;яюлнпег д/опнт нярп нж 3,5X9,5 STANDERS;444
61;82182169;3276000669043;яюлнпег дкъ опнт нярп 3,5X9,5 STANDERS;444
62;82182163;3276000668947;яюлнпег дкъ опнт асп 3,5X9,5 STANDERS;452
63;82182158;3276000668824;яюлнп дро асп 4,2X16 йпюям STANDERS;450
64;82182157;3276000668763;яюлнпег дро асп 4,2X16 гекем STANDERS;450
65;82182150;3276000668916;яюлнпег дро асп 4.2X25 STANDERS;367
66;82182149;3276000668923;яюлнпег дро асп 4.2X19 STANDERS;365
67;82182148;3276000668909;яюлнпег дро асп 4.2X16 STANDERS;365
68;82182147;3276000668817;яюлнпег дро асп 4.2X13 STANDERS;367
69;82182128;3276000668718;яюлнпег дро нярп 4.2X25 STANDERS;366
70;82182127;3276000668725;яюлнпег дро нярп 4.2X19 STANDERS;371
71;82182125;3276000668633;яюлнпег дро нярп 4.2X13 STANDERS;367
72;82623393;4620070176205;яюлнпег лер-лерюкк 4,2у16 р.йнп.мю бея;420
73;82623392;4620070176182;яюлнпег лерюкк-лерюкк 4,2у16 аек.мю бея;420
74;82182156;3276000669159;яЮЛНПЕГ дро АСП 4,2*16 ЙНП Standers;450
75;82182155;3276000669210;яЮЛНПЕГ дро АСП 4,2*16 АЕК Standers;450
76;82182021;3276000667681;йпнбекэмши яюлнпег 4,8X65 аек STANDERS;480
77;82182020;3276000667674;йпнбекэмши яюлнпег 4,8X51 аек STANDERS;477
78;82182019;3276000667629;йпнбекэмши яюлнпег 4,8X35 аек STANDERS;477
79;82182018;3276000667612;йпнбекэмши яюлнпег 4,8X29 аек STANDERS;480
80;82182013;3276000667544;йпнбекэмши яюлнпег 6.3X70 жхмй STANDERS;470
81;82182012;3276000667506;йпнбекэмши яюлнпег 6.3X51 жхмй STANDERS;480
82;82182011;3276000667490;йпнб. яюлнпег 6.3X38 жхмй STANDERS;480
83;82182009;3276000667476;йпнбекэмши яюлнпег 6.3X25 жхмй STANDERS;476
84;82182008;3276000667438;йпнбекэмши яюлнпег 6.3X19 жхмй STANDERS;470
85;82182007;3276000667742;йпнбекэмши яюлнпег 5.5X75 жхмй STANDERS;470
86;82182006;3276000667735;йпнбекэмши яюлнпег 5.5X51 жхмй STANDERS;470
87;82182005;3276000667650;йпнбекэмши яюлнпег 5.5X38 жхмй STANDERS;476
88;82182003;3276000667599;йпнбекэмши яюлнпег 5.5X25 жхмй STANDERS;470
89;82182002;3276000667582;йпнбекэмши яюлнпег 5.5X19 жхмй STANDERS;478
90;82181992;3276000667360;йпнбекэмши яюлнпег 4,8X65 жхмй STANDERS;470
91;82181991;3276000667353;йпнбекэмши яюлнпег 4,8X51 жхмй STANDERS;476
92;82181990;3276000667346;йпнбекэмши яюлнпег 4,8X35 жхмй STANDERS;478
93;82181989;3276000667285;йпнбекэмши яюлнпег 4,8X29 жхмй STANDERS;478
94;82182203;3276000669326;яюлнпег дро нярп 4,2X16 гекем STANDERS;451
95;82182170;3276000669050;яюлнп дкъ опнт нярп 3,5X11 STANDERS;452
96;82182164;3276000668954;яюлнп дкъ опнт асп 3,5X11 STANDERS;450
97;82182104;3276000668428;йпнб. яюлнпег 5.5X38 яхм STANDERS;477
98;82182103;3276000668435;йпнб. яюлнпег 5.5X32 яхм STANDERS;480
99;82182102;3276000668411;йпнб. яюлнпег 5.5X25 яхм STANDERS;481
100;82182101;3276000668374;йпнбекэмши яюлнпег 5.5X19 яхм STANDERS;478
101;82182096;3276000668299;йпнбекэмши яюлнпег 4,8X51 яхм STANDERS;477
102;82182095;3276000668404;йпнб. яюлнпег 4,8X35 яхм STANDERS;477
103;82182094;3276000668381;йпнбекэмши яюлнпег 4,8X29 яхм STANDERS;480
104;82182088;3276000668275;йпнб. яюлнпег 5.5X51 гек STANDERS;470
105;82182086;3276000668251;йпнбекэмши яюлнпег 5.5X32 гек STANDERS;480
106;82182085;3276000668244;йпнбекэмши яюлнпег 5.5X25 гек STANDERS;477
107;82182084;3276000668190;йпнбекэмши яюлнпег 5.5X19 гек STANDERS;478
108;82182079;3276000668091;йпнбекэмши яюлнпег 4,8X51 гек STANDERS;477
109;82182077;3276000668060;йпнбекэмши яюлнпег 4,8X29 гек STANDERS;470
110;82182072;3276000668206;йпнбекэмши яюлнпег 5.5X75 йнпхв STANDERS;477
111;82182071;3276000668145;йпнб. яюлнпег 5.5X51 йнпхв STANDERS;480
112;82182070;3276000668138;йпнбекэмши яюлнпег 5.5X38 йнпхв STANDERS;477
113;82182069;3276000668121;йпнбекэмши яюлнпег 5.5X32 йнпхв STANDERS;470
114;82182068;3276000668084;йпнбекэмши яюлнпег 5.5X25 йнпхв STANDERS;477
115;82182067;3276000668053;йпнб. яюлнпег 5.5X19 йнпхв STANDERS;478
116;82182063;3276000667957;йпнбекэмши яюлнпег 4,8X65 йнпхв STANDERS;470
117;82182062;3276000667940;йпнбекэмши яюлнпег 4,8X51 йнпхв STANDERS;470
118;82182061;3276000667933;йпнбекэмши яюлнпег 4,8X35 йнпхв STANDERS;477
119;82182060;3276000667926;йпнбекэмши яюлнпег 4,8X29 йнпхв STANDERS;480
120;82182054;3276000668114;йпнбекэмши яюлнпег 5.5X51 йпюям STANDERS;480
121;82182052;3276000668039;йпнбекэмши яюлнпег 5.5X32 йпюям STANDERS;480
122;82182051;3276000667988;йпнбекэмши яюлнпег 5.5X25 йпюям STANDERS;477
123;82182050;3276000667971;йпнбекэмши яюлнпег 5.5X19 йпюям STANDERS;478
124;82182046;3276000667889;йпнбекэмши яюлнпег 4,8X65 йпюям STANDERS;480
125;82182045;3276000667902;йпнбекэмши яюлнпег 4,8X51 йпюям STANDERS;477
126;82182044;3276000667841;йпнбекэмши яюлнпег 4,8X35 йпюям STANDERS;470
127;82182042;3276000667834;йпнбекэмши яюлнпег 4,8X29 йпюям STANDERS;470
128;82182029;3276000667643;йпнбекэмши яюлнпег 5.5X51 аек STANDERS;480
129;82182028;3276000667636;йпнбекэмши яюлнпег 5.5X38 аек STANDERS;477
130;82182026;3276000667810;йпнбекэмши яюлнпег 5.5X25 аек STANDERS;477
131;82182025;3276000667773;йпнбекэмши яюлнпег 5.5X19 аек STANDERS;478
132;82182024;3276000667759;йпнб. яюлнпег 5,5X32 80 ьр аек STANDERS;330
133;82231922;3276000681823;яюлнп дкъ ящмд.оюм. 6.3X240 STANDERS;476
134;82231921;3276000681816;яюлнп дкъ ящмд.оюм. 6.3X185 STANDERS;476
135;82231920;3276000681809;яюлнп дкъ ящмд.оюм. 6.3X160 STANDERS;476
136;82231919;3276000681793;яюлнп дкъ ящмд.оюм. 6.3X130 STANDERS;476
137;82240618;3276000678878;яюмреумхвеяйхи анкр 12X300 STANDERS;220
138;82240617;3276000678861;яюмреумхвеяйхи анкр 12X250 STANDERS;220
139;82240613;3276000678823;яюмреумхвеяйхи анкр 10X220 STANDERS;220
140;82240612;3276000678816;яюмреумхвеяйхи анкр 10X180 STANDERS;220
141;82240611;3276000678809;яюмреумхвеяйхи анкр 10X150 STANDERS;220
142;82240610;3276000678793;яюмреумхвеяйхи анкр 10X120 STANDERS;223
143;82240609;3276000678786;яюмреумхвеяйхи анкр 10X100 STANDERS;220
144;82240608;3276000678779;яюмреумхвеяйхи анкр 10X80 STANDERS;220
145;82240607;3276000678762;яюмреумхвеяйхи анкр 8X180 STANDERS;220
146;82240606;3276000678755;яюмреумхвеяйхи анкр 8X150 STANDERS;220
147;82240605;3276000678748;яюмреумхвеяйхи анкр 8X120 STANDERS;220
148;82240604;3276000678731;яюмреумхвеяйхи анкр 8X100 STANDERS;220
149;82240603;3276000678724;яюмреумхвеяйхи анкр 8X80 STANDERS;220
150;82240602;3276000678717;яюмреумхвеяйхи анкр 8X70 STANDERS;220
151;82240601;3276000678700;яюмреумхвеяйхи анкр 8X60 STANDERS;220
152;82240600;3276000678694;яюмреумхвеяйхи анкр 8X50 STANDERS;220
153;82240599;3276000678687;яюмреумхвеяйхи анкр 6X180 STANDERS;220
154;82240598;3276000678670;яюмреумхвеяйхи анкр 6X150 STANDERS;220
155;82240597;3276000678663;яюмреумхвеяйхи анкр 6X120 STANDERS;220
156;82240596;3276000678656;яюмреумхвеяйхи анкр 6X100 STANDERS;220
157;82240595;3276000678649;яюмреумхвеяйхи анкр 6X80 STANDERS;220
158;82240594;3276000678632;яюмреумхвеяйхи анкр 6X70 STANDERS;220
159;82240593;3276000678625;яюмреумхвеяйхи анкр 6X60 STANDERS;220
160;82240592;3276000678618;яюмреумхвеяйхи анкр 6у50 STANDERS;220
161;13627419;4606082009540;анкр нжхмй. DIN 933 л10у120;592
162;13625480;4606082009465;анкр нжхмй. DIN 933 л 8у120;592
163;13625421;4606082009434;анкр нжхмй. DIN 933 л 8у 25;592
164;13625106;4606082009410;анкр нжхмй. DIN 933 л 6у100;592
165;13625085;4606082009397;анкр нжхмй. DIN 933 л 6у 80;592
166;13625034;4606082016098;анкр нжхмй. DIN 933 л 6у 16;592
167;13553042;4606082009656;анкр нжхмй. DIN 933 л12у120;592
168;13553026;4606082009649;анкр нжхмй. DIN 933 л12у100;592
169;13553018;4606082009625;анкр нжхмй. DIN 933 л12у 80;592
170;13552998;4606082009618;анкр нжхмй. DIN 933 л12у 70;592
171;13552971;4606082009601;анкр нжхмй. DIN 933 л12у 60;592
172;13552963;4606082009588;анкр нжхмй. DIN 933 л12у 50;592
173;13552939;4606082009533;анкр нжхмй. DIN 933 л10у100;592
174;13552920;4606082009526;анкр нжхмй. DIN 933 л10у 90;592
175;13552912;4606082009519;анкр нжхмй. DIN 933 л10у 80;592
176;13552904;4606082009502;анкр нжхмй. DIN 933 л10у 70;592
177;13552891;4606082009496;анкр нжхмй. DIN 933 л10у 60;592
178;13552867;4606082009458;анкр нжхмй. DIN 933 л 8у100;592
179;10134264;4606082000486;анкр леаекэм.я сянл нж.DIN 607 л 10у 90;431
180;10134176;4606082000462;анкр леаекэм.я сянл нж.DIN 607 л 10у 70;431
181;10134125;4606082000455;анкр леаекэм.я сянл нж.DIN 607 л 8у100;431
182;10134096;4606082000448;анкр леаекэм.я сянл нж.DIN 607 л 8у 90;431
183;10134045;4606082000431;анкр леаекэм.я сянл нж.DIN 607 л 8у 80;431
184;10134010;4606082000424;анкр леаекэм.я сянл нж.DIN 607 л 8у 70;431
185;10133966;4606082000417;анкр леаекэм.я сянл нж.DIN 607 л 8у 60;431
186;10133923;4606082000394;анкр леаекэм.я сянл нж.DIN 607 л 6у 60;431
187;10133819;4606082000387;анкр леаекэм.я сянл нж.DIN 607 л 6у 50;431
188;10133755;4606082000370;анкр леаекэм.я сянл нж.DIN 607 л 6у 40;431
189;10133720;4606082000363;анкр леаекэм.я сянл нж.DIN 607 л 6у 30;431
190;10133659;4606082000356;анкр леаекэм.я сянл нж.DIN 607 л 6у 25;431
191;10133261;4606082000349;анкр нжхмй. DIN 933 л12у 40;592
192;10133202;4606082000325;анкр нжхмй. DIN 933 л12у 30;592
193;10132859;4606082000295;анкр нжхмй. DIN 933 л10у 50;592
194;10132808;4606082000271;анкр нжхмй. DIN 933 л10у 40;592
195;10132752;4606082000257;анкр нжхмй. DIN 933 л10у 30;592
196;10132517;4606082000202;анкр нжхмй. DIN 933 л 8у 80;592
197;10132488;4606082000196;анкр нжхмй. DIN 933 л 8у 70;592
198;10132445;4606082000189;анкр нжхмй. DIN 933 л 8у 60;592
199;10132429;4606082000172;анкр нжхмй. DIN 933 л 8у 50;592
200;10132381;4606082000165;анкр нжхмй. DIN 933 л 8у 40;592
201;10132314;4606082000141;анкр нжхмй. DIN 933 л 8у 30;592
202;10132269;4606082000127;анкр нжхмй. DIN 933 л 8у 20;592
203;10132146;4606082000080;анкр нжхмй. DIN 933 л 6у 70;592
204;10132090;4606082000073;анкр нжхмй. DIN 933 л 6у 60;592
205;10132074;4606082000066;анкр нжхмй. DIN 933 л 6у 50;592
206;10132058;4606082000059;анкр нжхмй. DIN 933 л 6у 40;592
207;10131995;4606082000035;анкр нжхмй. DIN 933 л 6у 30;592
208;10131901;4606082000011;анкр нжхмй. DIN 933 л 6у 20;592
209;10136614;4606082001018;бхмр нжхмй.онр. DIN 965 л 5у40;518
211;10136593;4606082001001;бхмр нжхмй.онр. DIN 965 л 5у30;518
212;10136497;4606082000974;бхмр нжхмй.онр. DIN 965 л 5у16;518
213;10136454;4606082000967;бхмр нжхмй.онр. DIN 965 л 5у12;518
214;10136382;4606082000936;бхмр нжхмй.онр. DIN 965 л 4у40;518
216;10136358;4606082000929;бхмр нжхмй.онр. DIN 965 л 4у30;518
217;10136315;4606082000912;бхмр нжхмй.онр. DIN 965 л 4у25;518
218;10136278;4606082000905;бхмр нжхмй.онр. DIN 965 л 4у20;518
219;10136171;4606082000875;бхмр нжхмй.онр. DIN 965 л 4у10;518
220;10135697;4606082000776;бхмр нжхмй.ойп. DIN 7985 л 6у20;470
221;10135611;4606082000769;бхмр нжхмй.ойп. DIN 7985 л 6у16;470
222;10135558;4606082000752;бхмр нжхмй.ойп. DIN 7985 л 6у12;470
223;10135486;4606082000721;бхмр нжхмй.ойп. DIN 7985 л 5у30;470
224;10135339;4606082000691;бхмр нжхмй.ойп. DIN 7985 л 5у16;470
225;10135013;4606082000653;бхмр нжхмй.ойп. DIN 7985 л 4у40;470
226;10134993;4606082000646;бхмр нжхмй.ойп. DIN 7985 л 4у30;470
227;10134942;4606082000639;бхмр нжхмй.ойп. DIN 7985 л 4у25;470
228;10134926;4606082000622;бхмр нжхмй.ойп. DIN 7985 л 4у20;470
229;10134889;4606082000615;бхмр нжхмй.ойп. DIN 7985 л 4у16;470
230;10134811;4606082000608;бхмр нжхмй.ойп. DIN 7985 л 4у12;470
231;10134790;4606082000592;бхмр нжхмй.ойп. DIN 7985 л 4у10;470
232;10120559;4607056646679;бхмр мепф.онр. DIN 965 л6X20 (6 ьр);51
233;10136921;4606082001100;бхмр нжхмй.онр. DIN 965 л 6у30;518
234;10136905;4606082001094;бхмр нжхмй.онр. DIN 965 л 6у20;518
235;10136649;4606082001025;бхмр нжхмй.онр. DIN 965 л 5у50;518
236;13978008;4606082016135;цюийю нжхмй. DIN 934 л24;358
237;13977961;4606082016128;цюийю нжхмй. DIN 934 л18;358
238;13977953;4606082016111;цюийю нжхмй. DIN 934 л14;358
239;13628032;4606082001278;цюийю нжхмй. яюлнйнмрп.DIN 985 л 5;563
240;13628024;4606082010966;цюийю нжхмй. DIN 934 л20;358
241;13628016;4606082010959;цюийю нжхмй. DIN 934 л16;358
242;12529606;4606082044565;цюийю нжхмй. DIN 934 л 4;378
243;10137748;4606082001315;цюийю нжхмй. яюлнйнмрп.DIN 985 л12;527
244;10137684;4606082001308;цюийю нжхмй. яюлнйнмрп.DIN 985 л10;527
245;10137633;4606082001292;цюийю нжхмй. яюлнйнмрп.DIN 985 л 8;527
246;10137588;4606082001285;цюийю нжхмй. яюлнйнмрп.DIN 985 л 6;563
247;10137289;4606082001193;цюийю нжхмй. DIN 934 л12;303
248;10137262;4606082001186;цюийю нжхмй. DIN 934 л10;358
249;10137203;4606082001179;цюийю нжхмй. DIN 934 л 8;301
250;10137182;4606082001162;цюийю нжхмй. DIN 934 л 6;334
251;10137123;4606082001155;цюийю нжхмй. DIN 934 л 5;378
252;13978219;4606082016166;ьюиаю нжхмй.йсгнбмюъ DIN 9021 24 лл;467
253;13978200;4606082039523;ьюиаю нжхмй.йсгнбмюъ DIN 9021 22 лл;467
254;13978198;4606082016159;ьюиаю нжхмй.йсгнбмюъ DIN 9021 18 лл;467
255;13978091;4606082016142;ьюиаю нжхмй.йсгнбмюъ DIN 9021 14 лл;1
256;13978016;4606082016173;ьюиаю нжхмй.DIN 125A 14 лл;467
257;13628083;4606082011055;ьюиаю нжхмй.йсгнбмюъ DIN 9021 16 лл;467
258;13628075;4606082011048;ьюиаю нжхмй.DIN 125A 20 лл;467
259;13628067;4606082011031;ьюиаю нжхмй.DIN 125A 16 лл;467
260;10139284;4606082001759;ьюиаю нжхмй.йсгнбмюъ DIN 9021 12 лл;1
261;10139233;4606082001742;ьюиаю нжхмй.йсгнбмюъ DIN 9021 10 лл;467
262;10139217;4606082001735;ьюиаю нжхмй.йсгнбмюъ DIN 9021 8 лл;467
263;10139161;4606082001728;ьюиаю нжхмй.йсгнбмюъ DIN 9021 6 лл;467
264;10139145;4606082001711;ьюиаю нжхмй.йсгнбмюъ DIN 9021 5 лл;491
265;10138839;4606082001629;ьюиаю нжхмй.DIN 125A 12 лл;467
266;10138804;4606082001612;ьюиаю нжхмй.DIN 125A 10 лл;467
267;10138783;4606082001605;ьюиаю нжхмй.DIN 125A 8 лл;467
268;10138732;4606082001599;ьюиаю нжхмй.DIN 125A 6 лл;491
269;10138716;4606082001582;ьюиаю нжхмй.DIN 125A 5 лл;491
270;82239711;3276000668640;яЮЛНПЕГШ ОН ДЕПЕБС СЯХКЕММШЕ Standers 3.5x20 ЛЛ НЖХМЙНБЮММШЕ МЮ БЕЯ;308
271;82239723;3276000682899;яЮЛНПЕГШ ОН ДЕПЕБС СЯХКЕММШЕ Standers 4.8x100 ЛЛ НЖХМЙНБЮММШЕ МЮ БЕЯ;308
272;82239724;3276000682905;яЮЛНПЕГШ ОН ДЕПЕБС СЯХКЕММШЕ Standers 4.8x120 ЛЛ НЖХМЙНБЮММШЕ МЮ БЕЯ;308
273;82239125;3276000677833;яЮЛНПЕГ ОН ЦХОЯНЙЮПРНМС Standers 3.5x45 ЛЛ ЖБЕР АЕКШИ МЮ БЕЯ;318
274;82239126;3276000677840;яЮЛНПЕГ ОН ЦХОЯНЙЮПРНМС Standers 3.5x55 ЛЛ ЖБЕР АЕКШИ МЮ БЕЯ;318
275;82239122;3276000677802;яЮЛНПЕГ ОН ЦХОЯНЙЮПРНМС Standers 3.5x20 ЛЛ ЖБЕР АЕКШИ МЮ БЕЯ;318
276;82182078;3276000668077;яЮЛНПЕГШ ЙПНБЕКЭМШЕ Standers НЖХМЙНБЮММШЕ 4.8x35 ЛЛ RAL 6005 ЖБЕР ГЕК╦МШИ, МЮ БЕЯ;477
277;82182126;3276000668640;яЮЛНПЕГШ ДКЪ РНМЙХУ ОКЮЯРХМ Standers НЯРПШЕ НЖХМЙНБЮММШЕ 4.2x16 ЛЛ, МЮ БЕЯ;364
278;82231917;3276000681779;яЮЛНПЕГШ ДКЪ ЯЩМДБХВ-ОЮМЕКЕИ Standers НЖХМЙНБЮММШЕ 6.3x75 ЛЛ;478
279;82231918;3276000681786;яЮЛНПЕГШ ДКЪ ЯЩМДБХВ-ОЮМЕКЕИ Standers НЖХМЙНБЮММШЕ 6.3x105 ЛЛ;476
280;700000;;;
281;70000001;;;
282;70000002;;;
283;70000003;;;
284;70000004;;;
285;70000005;;;
286;70000006;;;
287;70000007;;;
288;70000008;;;
289;70000009;;;
290;70000010;;;
291;70000011;;;
292;70000012;;;
293;70000013;;;
294;70000014;;;
295;70000015;;;
